nohistory,text,1
nohistory,text,1
nohistory,text,1
nohistory,text,2
nohistory,text,2
nohistory,text,2
nohistory,text,2
nohistory,text,2
nohistory,text,2
nohistory,text,2
nohistory,text,2
nohistory,text,3
nohistory,text,3
nohistory,text,3
nohistory,text,3
nohistory,text,3
nohistory,text,3
nohistory,text,3
nohistory,text,3
nohistory,text,3
nohistory,text,3
nohistory,text,3
nohistory,text,3
nohistory,text,3
nohistory,text,3
nohistory,text,3
nohistory,text,3
nohistory,text,3
nohistory,text,3
nohistory,text,3
nohistory,text,3
nohistory,text,3
nohistory,text,3
nohistory,text,3
nohistory,text,4
nohistory,text,4
nohistory,text,4
nohistory,text,4
nohistory,text,4
nohistory,text,4
nohistory,text,4
nohistory,text,4
nohistory,text,4
nohistory,text,4
nohistory,text,4
nohistory,text,4
nohistory,text,4
nohistory,text,4
nohistory,text,4
nohistory,text,4
nohistory,text,4
nohistory,text,4
nohistory,text,4
nohistory,text,4
nohistory,text,5
nohistory,text,5
nohistory,text,5
nohistory,2d,1
nohistory,2d,1
nohistory,2d,1
nohistory,2d,1
nohistory,2d,1
nohistory,2d,1
nohistory,2d,1
nohistory,2d,2
nohistory,2d,2
nohistory,2d,2
nohistory,2d,2
nohistory,2d,2
nohistory,2d,2
nohistory,2d,2
nohistory,2d,2
nohistory,2d,2
nohistory,2d,2
nohistory,2d,3
nohistory,2d,3
nohistory,2d,3
nohistory,2d,3
nohistory,2d,3
nohistory,2d,3
nohistory,2d,3
nohistory,2d,3
nohistory,2d,3
nohistory,2d,3
nohistory,2d,3
nohistory,2d,3
nohistory,2d,3
nohistory,2d,4
nohistory,2d,4
nohistory,2d,4
nohistory,2d,4
nohistory,2d,4
nohistory,2d,4
nohistory,2d,4
nohistory,2d,4
nohistory,2d,4
nohistory,2d,4
nohistory,2d,4
nohistory,2d,4
nohistory,2d,4
nohistory,2d,4
nohistory,2d,4
nohistory,2d,4
nohistory,2d,4
nohistory,2d,5
nohistory,2d,5
nohistory,2d,5
nohistory,2d,5
nohistory,2d,5
nohistory,2d,5
nohistory,2d,5
nohistory,2d,5
nohistory,2d,5
nohistory,2d,5
history,text,1
history,text,2
history,text,2
history,text,2
history,text,2
history,text,2
history,text,2
history,text,2
history,text,2
history,text,2
history,text,2
history,text,2
history,text,2
history,text,2
history,text,2
history,text,3
history,text,3
history,text,3
history,text,3
history,text,3
history,text,3
history,text,3
history,text,3
history,text,3
history,text,3
history,text,3
history,text,3
history,text,3
history,text,3
history,text,3
history,text,3
history,text,3
history,text,3
history,text,3
history,text,3
history,text,3
history,text,3
history,text,3
history,text,3
history,text,4
history,text,4
history,text,4
history,text,4
history,text,4
history,text,4
history,text,4
history,text,4
history,text,4
history,text,4
history,text,4
history,text,4
history,text,4
history,text,4
history,text,4
history,text,4
history,text,4
history,text,4
history,2d,1
history,2d,1
history,2d,1
history,2d,1
history,2d,1
history,2d,1
history,2d,2
history,2d,2
history,2d,2
history,2d,2
history,2d,2
history,2d,2
history,2d,2
history,2d,2
history,2d,2
history,2d,2
history,2d,3
history,2d,3
history,2d,3
history,2d,3
history,2d,3
history,2d,3
history,2d,3
history,2d,3
history,2d,3
history,2d,3
history,2d,3
history,2d,3
history,2d,3
history,2d,3
history,2d,3
history,2d,3
history,2d,3
history,2d,3
history,2d,3
history,2d,3
history,2d,3
history,2d,3
history,2d,3
history,2d,3
history,2d,3
history,2d,3
history,2d,3
history,2d,4
history,2d,4
history,2d,4
history,2d,4
history,2d,4
history,2d,4
history,2d,4
history,2d,4
history,2d,4
history,2d,4
history,2d,4
history,2d,5
history,2d,5
history,2d,5
