nohistory,text,115
nohistory,text,116
nohistory,text,120
nohistory,text,123
nohistory,text,129
nohistory,text,132
nohistory,text,139
nohistory,text,181
nohistory,text,191
nohistory,text,198
nohistory,text,212
nohistory,text,217
nohistory,text,238
nohistory,text,252
nohistory,text,255
nohistory,text,256
nohistory,text,268
nohistory,text,279
nohistory,text,281
nohistory,text,294
nohistory,text,322
nohistory,text,334
nohistory,text,346
nohistory,text,370
nohistory,text,388
nohistory,text,393
nohistory,text,428
nohistory,text,465
nohistory,text,475
nohistory,text,524
nohistory,text,531
nohistory,text,576
nohistory,text,717
nohistory,text,846
nohistory,2d,13
nohistory,2d,14
nohistory,2d,30
nohistory,2d,30
nohistory,2d,36
nohistory,2d,52
nohistory,2d,56
nohistory,2d,68
nohistory,2d,83
nohistory,2d,91
nohistory,2d,105
nohistory,2d,109
nohistory,2d,111
nohistory,2d,116
nohistory,2d,116
nohistory,2d,131
nohistory,2d,170
nohistory,2d,171
nohistory,2d,188
nohistory,2d,202
nohistory,2d,229
nohistory,2d,230
nohistory,2d,246
nohistory,2d,252
nohistory,2d,268
nohistory,2d,286
nohistory,2d,299
nohistory,2d,371
nohistory,2d,440
nohistory,2d,547
nohistory,2d,565
nohistory,2d,586
nohistory,2d,629
nohistory,2d,659
history,text,85
history,text,87
history,text,89
history,text,92
history,text,94
history,text,117
history,text,117
history,text,119
history,text,124
history,text,128
history,text,128
history,text,149
history,text,167
history,text,184
history,text,191
history,text,194
history,text,223
history,text,231
history,text,242
history,text,262
history,text,269
history,text,280
history,text,300
history,text,307
history,text,326
history,text,341
history,text,342
history,text,343
history,text,349
history,text,372
history,text,382
history,text,382
history,text,393
history,text,413
history,2d,67
history,2d,73
history,2d,75
history,2d,79
history,2d,84
history,2d,89
history,2d,105
history,2d,107
history,2d,115
history,2d,125
history,2d,125
history,2d,128
history,2d,133
history,2d,147
history,2d,161
history,2d,168
history,2d,173
history,2d,174
history,2d,184
history,2d,184
history,2d,185
history,2d,186
history,2d,207
history,2d,215
history,2d,247
history,2d,309
history,2d,311
history,2d,347
history,2d,351
history,2d,364
history,2d,367
history,2d,385
history,2d,505
history,2d,506
